,ASSIST_BUILDING_KILL,ASSIST_CHAMPION_KILL,ASSIST_ELITE_MONSTER_KILL,BARON_NASHOR,BLUE_TRINKET_WARD_KILL,BLUE_TRINKET_WARD_PLACED,BOTTOM_abilityHaste,BOTTOM_abilityPower,BOTTOM_armor,BOTTOM_armorPen,BOTTOM_armorPenPercent,BOTTOM_attackDamage,BOTTOM_attackSpeed,BOTTOM_bonusArmorPenPercent,BOTTOM_bonusMagicPenPercent,BOTTOM_ccReduction,BOTTOM_cooldownReduction,BOTTOM_goldPerSecond,BOTTOM_health,BOTTOM_healthMax,BOTTOM_healthRegen,BOTTOM_jungleMinionsKilled,BOTTOM_level,BOTTOM_lifesteal,BOTTOM_magicDamageDone,BOTTOM_magicDamageDoneToChampions,BOTTOM_magicDamageTaken,BOTTOM_magicPen,BOTTOM_magicPenPercent,BOTTOM_magicResist,BOTTOM_minionsKilled,BOTTOM_movementSpeed,BOTTOM_omnivamp,BOTTOM_physicalDamageDone,BOTTOM_physicalDamageDoneToChampions,BOTTOM_physicalDamageTaken,BOTTOM_physicalVamp,BOTTOM_playerChampionChestGranted,BOTTOM_playerChampionLevel,BOTTOM_playerChampionPoints,BOTTOM_playerIsFreshBlood,BOTTOM_playerIsHotStreak,BOTTOM_playerIsInactive,BOTTOM_playerIsVeteran,BOTTOM_playerWinRate,BOTTOM_power,BOTTOM_powerMax,BOTTOM_powerRegen,BOTTOM_spellVamp,BOTTOM_timeEnemySpentControlled,BOTTOM_totalDamageDone,BOTTOM_totalDamageDoneToChampions,BOTTOM_totalDamageTaken,BOTTOM_totalGold,BOTTOM_trueDamageDone,BOTTOM_trueDamageDoneToChampions,BOTTOM_trueDamageTaken,BOTTOM_xp,BOT_LANE_TURRET_PLATE_DESTROYED,BOUNTY_BUILDING_KILL,BOUNTY_CHAMPION_KILL,BOUNTY_ELITE_MONSTER_KILL,BUILDING_KILL_BASE_TURRET_TOWER_BUILDING_BOT_LANE,BUILDING_KILL_BASE_TURRET_TOWER_BUILDING_MID_LANE,BUILDING_KILL_BASE_TURRET_TOWER_BUILDING_TOP_LANE,BUILDING_KILL_INHIBITOR_BUILDING_BOT_LANE,BUILDING_KILL_INHIBITOR_BUILDING_MID_LANE,BUILDING_KILL_INHIBITOR_BUILDING_TOP_LANE,BUILDING_KILL_INNER_TURRET_TOWER_BUILDING_BOT_LANE,BUILDING_KILL_INNER_TURRET_TOWER_BUILDING_MID_LANE,BUILDING_KILL_INNER_TURRET_TOWER_BUILDING_TOP_LANE,BUILDING_KILL_NEXUS_TURRET_TOWER_BUILDING_MID_LANE,BUILDING_KILL_OUTER_TURRET_TOWER_BUILDING_BOT_LANE,BUILDING_KILL_OUTER_TURRET_TOWER_BUILDING_MID_LANE,BUILDING_KILL_OUTER_TURRET_TOWER_BUILDING_TOP_LANE,CHAMPION_KILL,CONTROL_WARD_WARD_KILL,CONTROL_WARD_WARD_PLACED,DEATHS,DRAGON,DRAGON_SOUL_GIVEN,JUNGLE_abilityHaste,JUNGLE_abilityPower,JUNGLE_armor,JUNGLE_armorPen,JUNGLE_armorPenPercent,JUNGLE_attackDamage,JUNGLE_attackSpeed,JUNGLE_bonusArmorPenPercent,JUNGLE_bonusMagicPenPercent,JUNGLE_ccReduction,JUNGLE_cooldownReduction,JUNGLE_goldPerSecond,JUNGLE_health,JUNGLE_healthMax,JUNGLE_healthRegen,JUNGLE_jungleMinionsKilled,JUNGLE_level,JUNGLE_lifesteal,JUNGLE_magicDamageDone,JUNGLE_magicDamageDoneToChampions,JUNGLE_magicDamageTaken,JUNGLE_magicPen,JUNGLE_magicPenPercent,JUNGLE_magicResist,JUNGLE_minionsKilled,JUNGLE_movementSpeed,JUNGLE_omnivamp,JUNGLE_physicalDamageDone,JUNGLE_physicalDamageDoneToChampions,JUNGLE_physicalDamageTaken,JUNGLE_physicalVamp,JUNGLE_playerChampionChestGranted,JUNGLE_playerChampionLevel,JUNGLE_playerChampionPoints,JUNGLE_playerIsFreshBlood,JUNGLE_playerIsHotStreak,JUNGLE_playerIsInactive,JUNGLE_playerIsVeteran,JUNGLE_playerWinRate,JUNGLE_power,JUNGLE_powerMax,JUNGLE_powerRegen,JUNGLE_spellVamp,JUNGLE_timeEnemySpentControlled,JUNGLE_totalDamageDone,JUNGLE_totalDamageDoneToChampions,JUNGLE_totalDamageTaken,JUNGLE_totalGold,JUNGLE_trueDamageDone,JUNGLE_trueDamageDoneToChampions,JUNGLE_trueDamageTaken,JUNGLE_xp,KILL_ACE,KILL_FIRST_BLOOD,KILL_MULTI,MIDDLE_abilityHaste,MIDDLE_abilityPower,MIDDLE_armor,MIDDLE_armorPen,MIDDLE_armorPenPercent,MIDDLE_attackDamage,MIDDLE_attackSpeed,MIDDLE_bonusArmorPenPercent,MIDDLE_bonusMagicPenPercent,MIDDLE_ccReduction,MIDDLE_cooldownReduction,MIDDLE_goldPerSecond,MIDDLE_health,MIDDLE_healthMax,MIDDLE_healthRegen,MIDDLE_jungleMinionsKilled,MIDDLE_level,MIDDLE_lifesteal,MIDDLE_magicDamageDone,MIDDLE_magicDamageDoneToChampions,MIDDLE_magicDamageTaken,MIDDLE_magicPen,MIDDLE_magicPenPercent,MIDDLE_magicResist,MIDDLE_minionsKilled,MIDDLE_movementSpeed,MIDDLE_omnivamp,MIDDLE_physicalDamageDone,MIDDLE_physicalDamageDoneToChampions,MIDDLE_physicalDamageTaken,MIDDLE_physicalVamp,MIDDLE_playerChampionChestGranted,MIDDLE_playerChampionLevel,MIDDLE_playerChampionPoints,MIDDLE_playerIsFreshBlood,MIDDLE_playerIsHotStreak,MIDDLE_playerIsInactive,MIDDLE_playerIsVeteran,MIDDLE_playerWinRate,MIDDLE_power,MIDDLE_powerMax,MIDDLE_powerRegen,MIDDLE_spellVamp,MIDDLE_timeEnemySpentControlled,MIDDLE_totalDamageDone,MIDDLE_totalDamageDoneToChampions,MIDDLE_totalDamageTaken,MIDDLE_totalGold,MIDDLE_trueDamageDone,MIDDLE_trueDamageDoneToChampions,MIDDLE_trueDamageTaken,MIDDLE_xp,MID_LANE_TURRET_PLATE_DESTROYED,OBJECTIVE_BOUNTY_FINISH,RIFTHERALD,SHUTDOWNBOUNTY_CHAMPION_KILL,SIGHT_WARD_WARD_KILL,SIGHT_WARD_WARD_PLACED,TEEMO_MUSHROOM_WARD_KILL,TEEMO_MUSHROOM_WARD_PLACED,TOP_LANE_TURRET_PLATE_DESTROYED,TOP_abilityHaste,TOP_abilityPower,TOP_armor,TOP_armorPen,TOP_armorPenPercent,TOP_attackDamage,TOP_attackSpeed,TOP_bonusArmorPenPercent,TOP_bonusMagicPenPercent,TOP_ccReduction,TOP_cooldownReduction,TOP_goldPerSecond,TOP_health,TOP_healthMax,TOP_healthRegen,TOP_jungleMinionsKilled,TOP_level,TOP_lifesteal,TOP_magicDamageDone,TOP_magicDamageDoneToChampions,TOP_magicDamageTaken,TOP_magicPen,TOP_magicPenPercent,TOP_magicResist,TOP_minionsKilled,TOP_movementSpeed,TOP_omnivamp,TOP_physicalDamageDone,TOP_physicalDamageDoneToChampions,TOP_physicalDamageTaken,TOP_physicalVamp,TOP_playerChampionChestGranted,TOP_playerChampionLevel,TOP_playerChampionPoints,TOP_playerIsFreshBlood,TOP_playerIsHotStreak,TOP_playerIsInactive,TOP_playerIsVeteran,TOP_playerWinRate,TOP_power,TOP_powerMax,TOP_powerRegen,TOP_spellVamp,TOP_timeEnemySpentControlled,TOP_totalDamageDone,TOP_totalDamageDoneToChampions,TOP_totalDamageTaken,TOP_totalGold,TOP_trueDamageDone,TOP_trueDamageDoneToChampions,TOP_trueDamageTaken,TOP_xp,UTILITY_abilityHaste,UTILITY_abilityPower,UTILITY_armor,UTILITY_armorPen,UTILITY_armorPenPercent,UTILITY_attackDamage,UTILITY_attackSpeed,UTILITY_bonusArmorPenPercent,UTILITY_bonusMagicPenPercent,UTILITY_ccReduction,UTILITY_cooldownReduction,UTILITY_goldPerSecond,UTILITY_health,UTILITY_healthMax,UTILITY_healthRegen,UTILITY_jungleMinionsKilled,UTILITY_level,UTILITY_lifesteal,UTILITY_magicDamageDone,UTILITY_magicDamageDoneToChampions,UTILITY_magicDamageTaken,UTILITY_magicPen,UTILITY_magicPenPercent,UTILITY_magicResist,UTILITY_minionsKilled,UTILITY_movementSpeed,UTILITY_omnivamp,UTILITY_physicalDamageDone,UTILITY_physicalDamageDoneToChampions,UTILITY_physicalDamageTaken,UTILITY_physicalVamp,UTILITY_playerChampionChestGranted,UTILITY_playerChampionLevel,UTILITY_playerChampionPoints,UTILITY_playerIsFreshBlood,UTILITY_playerIsHotStreak,UTILITY_playerIsInactive,UTILITY_playerIsVeteran,UTILITY_playerWinRate,UTILITY_power,UTILITY_powerMax,UTILITY_powerRegen,UTILITY_spellVamp,UTILITY_timeEnemySpentControlled,UTILITY_totalDamageDone,UTILITY_totalDamageDoneToChampions,UTILITY_totalDamageTaken,UTILITY_totalGold,UTILITY_trueDamageDone,UTILITY_trueDamageDoneToChampions,UTILITY_trueDamageTaken,UTILITY_xp,YELLOW_TRINKET_WARD_KILL,YELLOW_TRINKET_WARD_PLACED,abilityHaste,abilityPower,armor,armorPen,armorPenPercent,attackDamage,attackSpeed,blue_team_wins,bonusArmorPenPercent,bonusMagicPenPercent,ccReduction,cooldownReduction,goldPerSecond,health,healthMax,healthRegen,jungleMinionsKilled,level,lifesteal,magicDamageDone,magicDamageDoneToChampions,magicDamageTaken,magicPen,magicPenPercent,magicResist,minionsKilled,minute,movementSpeed,omnivamp,physicalDamageDone,physicalDamageDoneToChampions,physicalDamageTaken,physicalVamp,playerChampionChestGranted,playerChampionLevel,playerChampionPoints,playerIsFreshBlood,playerIsHotStreak,playerIsInactive,playerIsVeteran,playerWinRate,power,powerMax,powerRegen,spellVamp,timeEnemySpentControlled,totalDamageDone,totalDamageDoneToChampions,totalDamageTaken,totalGold,trueDamageDone,trueDamageDoneToChampions,trueDamageTaken,xp
,,,,,,,0,0,-2,0,0,0,0,0,0,0,0,0,29,29,0,0,0,0,0,0,0,0,0,0,0,-10,0,0,0,0,0,0,4,48368,0,0,0,0,0.75,-98,-98,0,0,0,0,0,0,0,0,0,0,0,,,,,,,,,,,,,,,,,,,,,,,,0,0,-7,0,0,0,0,0,0,0,0,0,-31,-31,0,0,0,0,0,0,0,0,0,0,0,-10,0,0,0,0,0,-1,1,13067,0,0,0,0,-0.32000000000000006,14,14,0,0,0,0,0,0,0,0,0,0,0,,,,0,0,9,0,0,0,0,0,0,0,0,0,60,60,0,0,0,0,0,0,0,0,0,2,0,15,0,0,0,0,0,-1,1,4176,-1,0,0,1,0.010000000000000009,-480,20,0,0,0,0,0,0,0,0,0,0,0,,,,,,,,,,0,0,3,0,0,0,0,0,0,0,0,0,-38,-38,0,0,0,0,0,0,0,0,0,0,0,0,0,0,0,0,0,0,0,-1115430,0,0,0,0,-0.24,263,263,0,0,0,0,0,0,0,0,0,0,0,0,0,-1,0,0,0,0,0,0,0,0,0,-30,-30,0,0,0,0,0,0,0,0,0,0,0,-5,0,0,0,0,0,0,3,28145,0,0,0,0,-0.020000000000000018,-15,-15,0,0,0,0,0,0,0,0,0,0,0,,,0,0,2,0,0,0,0,,0,0,0,0,0,-10,-10,0,0,0,0,0,0,0,0,0,2,0,0,-10,0,0,0,0,0,-2,9,-1021674,-1,0,0,1,0.18000000000000038,-316,184,0,0,0,0,0,0,0,0,0,0,0
,,,,,,,0,0,-2,0,0,-1,0,0,0,0,0,0,29,29,1,0,0,0,0,0,0,0,0,0,0,-10,0,436,421,0,0,0,4,48368,0,0,0,0,0.75,-125,-98,-2,0,0,436,421,0,0,0,0,0,0,,,,,,,,,,,,,,,,,,,,,,,,0,0,-7,0,0,-5,0,0,0,0,0,0,-31,-31,8,0,0,0,0,0,0,0,0,0,0,-10,0,0,0,0,0,-1,1,13067,0,0,0,0,-0.32000000000000006,14,14,1,0,0,0,0,0,0,0,0,0,0,,,,0,-9,3,0,0,11,13,0,0,7,0,0,182,140,25,0,0,0,-153,-153,98,0,0,10,0,-65,0,65,65,-115,0,-1,1,4176,-1,0,0,1,0.010000000000000009,-369,-30,-16,0,-1188,-108,-108,-7,0,-20,-20,10,0,,,,,,,,,,0,0,-3,0,15,-4,3,0,0,3,0,0,-45,57,-16,0,0,0,0,0,0,0,0,0,0,0,2,-39,-39,115,0,0,0,-1115430,0,0,0,0,-0.24,263,263,13,0,-1552,-39,-39,115,0,0,0,0,0,0,-26,-1,0,0,15,0,0,0,0,0,0,181,-30,-4,0,0,0,-132,-132,187,0,0,0,0,-5,0,93,93,-540,0,0,3,28145,0,0,0,0,-0.020000000000000018,-29,-15,-6,0,1023,-39,-39,-343,0,0,0,10,0,,0.0,0,-35,-10,0,15,16,16,,0,0,10,0,0,316,165,14,0,0,0,-285,-285,285,0,0,10,0,1,-90,2,555,540,-540,0,-2,9,-1021674,-1,0,0,1,0.18000000000000038,-246,134,-10,0,-1717,250,235,-235,0,-20,-20,20,0
,,,,,,,0,0,-2,0,0,-1,110,0,0,0,0,0,45,29,1,0,0,0,110,0,63,0,0,0,1,-10,0,645,495,-99,0,0,4,48368,0,0,0,0,0.75,-98,-98,-2,0,0,744,485,-35,9,-10,-10,0,0,,,,,,,,,,,,,,,,,,,,,,,,0,0,-6,0,0,-25,-1,0,0,0,0,0,-117,-39,0,0,0,0,371,0,0,0,0,0,0,-79,0,442,0,3,0,-1,1,13067,0,0,0,0,-0.32000000000000006,100,28,-27,0,-2709,388,0,3,0,-426,0,0,0,,,,0,-9,3,0,0,11,23,0,0,23,0,0,-257,140,160,0,0,0,-552,-313,283,0,0,10,1,15,0,404,-19,109,0,-1,1,4176,-1,0,0,1,0.010000000000000009,-483,-80,-16,0,-7032,-188,-371,432,7,-40,-40,40,-30,,,,,,,,,,0,0,-3,0,15,-4,3,0,0,0,0,0,57,57,-16,0,0,0,0,0,0,0,0,0,-2,0,2,-708,-39,65,0,0,0,-1115430,0,0,0,0,-0.24,263,263,13,0,-4758,-708,-39,65,-28,0,0,0,-59,0,-26,-1,0,0,18,0,0,0,0,0,0,-12,-30,-4,0,0,0,-221,-221,187,0,0,0,0,-52,0,442,93,-558,0,0,3,28145,0,0,0,0,-0.020000000000000018,49,-40,-6,0,1023,221,-128,-361,-12,0,0,10,0,,0.0,0,-35,-9,0,15,-1,135,,0,0,23,0,0,-284,157,141,0,0,0,-292,-534,533,0,0,10,0,2,-126,2,1225,530,-480,0,-2,9,-1021674,-1,0,0,1,0.18000000000000038,-169,73,-38,0,-13476,457,-53,104,-24,-476,-50,50,-89
,,,,,,,0,0,-2,0,0,0,-1,0,0,0,0,0,126,30,80,0,0,0,934,-48,203,0,0,0,4,-10,0,977,796,-610,0,0,4,48368,0,0,0,0,0.75,-105,-143,-2,0,3764,1894,730,-309,48,-17,-17,97,56,,,0.0,,,,,,,,,,,,,,,0.0,,,0.0,,,0,0,-9,0,0,-27,-3,0,0,0,0,0,-113,-122,-3,0,-1,0,146,0,0,0,0,-2,0,-79,0,-441,0,-152,0,-1,1,13067,0,0,0,0,-0.32000000000000006,90,-6,-37,0,-26988,-361,0,-152,-36,-66,0,0,-58,,1.0,,0,-29,2,0,0,10,29,0,0,5,0,0,140,140,17,0,0,0,-1297,-484,454,0,0,12,8,40,0,2175,119,40,0,-1,1,4176,-1,0,0,1,0.010000000000000009,-664,-164,-18,0,-15882,797,-445,574,146,-81,-81,81,-72,,,,0.0,,,,,,0,0,1,0,15,0,3,0,0,13,0,0,-277,169,-20,0,1,0,0,0,0,0,0,2,-1,0,2,-522,364,-38,0,0,0,-1115430,0,0,0,0,-0.24,259,347,14,0,-9088,-522,364,-38,445,0,0,0,388,0,-26,-1,0,0,19,1,0,0,0,0,0,-97,-29,-4,0,0,0,-421,-421,297,0,0,0,0,-5,0,1152,648,-622,0,0,3,28145,0,0,0,0,-0.020000000000000018,-42,-78,-6,0,8390,640,136,-315,32,-90,-90,10,56,,0.0,0,-55,-9,0,15,2,29,,0,0,18,0,0,-221,188,70,0,0,0,-638,-953,954,0,0,12,11,3,-54,2,3341,1927,-1382,0,-2,9,-1021674,-1,0,0,1,0.18000000000000038,-462,-44,-49,0,-39804,2448,785,-240,635,-254,-188,188,370
,,0.0,,,,,0,0,-2,0,0,2,-2,0,0,0,0,0,-161,32,0,0,0,0,1202,-48,372,0,0,0,3,-10,0,1720,1161,-297,0,0,4,48368,0,0,0,0,0.75,-119,-147,-3,0,7433,2904,1095,172,322,-17,-17,97,-90,-1.0,,0.0,,,,,,,,,,,,,,,0.0,,,0.0,,,0,0,-6,0,0,-25,-76,0,0,-3,0,0,68,-47,5,4,0,0,84,0,219,0,0,0,0,-79,0,-138,-291,-395,0,-1,1,13067,0,0,0,0,-0.32000000000000006,231,43,91,0,-15389,-142,-291,-176,-241,-88,0,0,40,,1.0,,0,-29,2,0,0,8,30,0,0,17,0,0,61,140,-27,0,0,0,-2472,-762,732,0,0,12,9,40,0,2827,219,-75,0,-1,1,4176,-1,0,0,1,0.010000000000000009,-372,-233,-82,0,-27739,291,-607,722,174,-64,-64,64,-192,,,,0.0,,,,,,0,0,-5,0,15,-3,-2,0,0,9,0,0,135,116,6,0,0,0,0,0,0,0,0,-3,-2,128,2,-1927,517,-427,0,0,0,-1115430,0,0,0,0,-0.24,212,393,14,0,-12195,-1927,517,-427,364,0,0,0,175,0,-26,-2,0,0,22,2,0,0,0,0,0,184,-28,-4,0,0,0,-726,-638,343,0,0,0,0,-5,0,2176,1169,-732,0,0,3,28145,0,0,0,0,-0.020000000000000018,91,-52,9,0,12718,1360,441,-378,354,-90,-90,10,96,,0.0,0,-55,-13,0,15,4,-48,,0,0,23,0,0,287,213,-20,4,0,0,-1912,-1448,1666,0,0,9,10,4,74,2,4658,2775,-1926,0,-2,9,-1021674,-1,0,0,1,0.18000000000000038,43,4,29,0,-35172,2486,1155,-87,973,-259,-171,171,29
,,0.0,,,,,0,0,-2,0,0,3,10,0,0,0,0,0,32,32,0,0,0,0,1047,-105,372,0,0,0,5,-10,0,1843,1078,-515,0,0,4,48368,0,0,0,0,0.75,-101,-147,-3,0,7433,2859,943,-45,517,-29,-29,97,25,-1.0,,0.0,,,,,,,,,,,,,,,0.0,,,0.0,,,0,0,-9,0,0,-8,-4,0,0,-5,0,0,-93,-134,7,-4,-1,0,-239,0,-65,0,0,-1,0,-10,0,-3153,-508,-859,0,-1,1,13067,0,0,0,0,-0.32000000000000006,8,8,1,0,-19122,-3931,-508,-924,-771,-538,0,0,-366,,1.0,0.0,0,-29,1,0,0,7,32,0,0,18,0,0,-202,140,17,0,0,0,-4144,-1100,1071,0,0,12,12,40,0,3841,219,-60,0,-1,1,4176,-1,0,0,1,0.010000000000000009,-309,-302,-20,0,-38602,-402,-980,1110,237,-98,-98,99,-192,,,,0.0,,,,,,0,0,0,0,15,-1,-11,0,0,7,0,0,-196,67,7,0,1,0,0,0,0,0,0,-1,4,0,2,-1337,513,-308,0,0,0,-1115430,0,0,0,0,-0.24,275,440,15,0,-9719,-1337,513,-308,525,0,0,0,359,0,-46,2,0,0,58,6,0,0,0,0,0,115,42,-3,0,1,0,-827,-739,501,0,0,1,0,-5,0,2652,1603,-612,0,0,3,28145,0,0,0,0,-0.020000000000000018,-33,-17,-17,0,13941,1734,774,-87,627,-90,-90,22,180,,0.0,0,-75,-8,0,15,59,33,,0,0,20,0,0,-344,147,28,-4,1,0,-4163,-1944,1879,0,0,11,21,5,15,2,3846,2905,-2354,0,-2,9,-1021674,-1,0,0,1,0.18000000000000038,-160,-18,-24,0,-46069,-1077,742,-254,1135,-755,-217,218,6
,,0.0,,,,,0,0,-2,0,0,5,8,0,0,0,0,0,1,34,-91,0,0,0,604,-398,868,0,0,0,-2,-10,0,1069,1005,-1065,0,0,4,48368,0,0,0,0,0.75,-221,-192,-15,0,8556,1592,526,-75,-323,-81,-81,121,-128,-1.0,,0.0,,,,,,,,,,,,,,,0.0,,0.0,0.0,,,0,0,-5,0,0,-41,-27,0,0,-7,0,0,11,-56,9,-1,0,0,-83,0,-65,0,0,0,2,-10,0,-2201,-228,-1458,0,-1,1,13067,0,0,0,0,-0.32000000000000006,-73,60,-88,0,-23514,-2372,-228,-1522,-637,-88,0,0,-69,,1.0,0.0,0,-29,1,0,0,6,34,0,0,23,0,0,9,140,77,0,0,0,-6445,-1156,1126,0,0,13,12,40,0,5417,506,-259,0,-1,1,4176,-1,0,0,1,0.010000000000000009,-29,-322,-22,0,-47095,-1216,-839,1056,282,-188,-188,188,-222,,,,0.0,,,,,,0,0,0,0,15,2,-14,0,0,4,0,0,-93,92,-44,0,1,0,0,0,0,0,0,-1,14,0,2,38,524,-216,0,0,0,-1115430,0,0,0,0,-0.24,378,490,15,0,-11404,38,524,-216,700,0,0,0,809,0,-46,-2,0,0,57,4,0,0,0,0,0,168,-28,-4,0,0,0,-1087,-999,558,0,0,0,-1,27,0,2815,1769,-290,0,0,3,28145,0,0,0,0,-0.020000000000000018,95,-91,-2,0,10142,1638,680,318,640,-90,-90,50,-49,-1.0,0.0,0,-75,-8,0,15,29,5,,0,0,20,0,0,96,182,-53,-1,1,0,-7011,-2553,2487,0,0,12,25,6,47,2,7138,3576,-3288,0,-2,9,-1021674,-1,0,0,1,0.18000000000000038,150,-55,-112,0,-63315,-320,663,-439,662,-447,-359,359,341
,,0.0,,,,,0,0,-5,0,0,2,156,0,0,0,0,0,-447,-49,79,0,-1,0,382,-470,1074,0,0,-2,-6,-10,0,-109,760,-859,0,0,4,48368,0,0,0,0,0.75,-105,-224,-23,0,8556,192,208,336,-393,-81,-81,121,-311,-1.0,,0.0,,,,,,,,,,,,,,,0.0,,0.0,0.0,,,0,0,-5,0,0,-30,-27,0,0,-10,0,0,-692,-65,10,-4,0,0,-196,0,-49,0,0,0,3,-10,0,-4704,-1073,-1014,0,-1,1,13067,0,0,0,0,-0.32000000000000006,8,75,17,0,-33625,-4988,-1073,-1063,-1133,-88,0,0,-221,,1.0,-1.0,0,-49,1,0,0,21,59,0,0,5,0,0,140,140,17,0,0,7,-6616,-1099,1053,0,0,13,12,29,0,6370,536,33,0,-1,1,4176,-1,0,0,1,0.010000000000000009,-1122,-622,-22,0,-48256,-367,-683,1207,302,-120,-120,120,-271,,,,0.0,,1.0,,,,0,0,0,0,15,16,-16,0,0,16,0,0,-70,116,10,0,1,0,0,0,0,0,0,-3,18,0,2,-80,1096,-244,0,0,0,-1115430,0,0,0,0,-0.24,136,541,16,0,-6118,-80,1096,-244,815,0,0,0,867,0,-46,-3,0,0,62,4,0,0,0,0,10,192,24,-4,0,0,0,-1620,-1238,663,0,0,0,-1,-5,0,4201,1886,-372,0,0,3,28145,0,0,0,0,-0.020000000000000018,-184,-178,-12,0,12981,2491,557,342,652,-90,-90,50,-250,-1.0,1.0,0,-95,-12,0,15,71,176,,0,0,11,0,10,-877,166,112,-4,0,7,-8050,-2807,2741,0,0,8,26,7,4,2,5678,3205,-2456,0,-2,9,-1021674,-1,0,0,1,0.18000000000000038,-1267,-408,-24,0,-66462,-2752,105,578,243,-379,-291,291,-186
,,-1.0,1.0,,,,0,0,-5,0,0,2,-19,0,0,0,0,0,512,35,-1,0,0,-1,27,-658,1263,0,0,-2,-8,15,0,-2425,74,-1350,0,0,4,48368,0,0,0,0,0.75,163,-264,-4,0,8556,-2490,-678,33,-769,-93,-93,121,-415,-1.0,,-300.0,0.0,,,,,,,,,,,,,,-1.0,-1.0,1.0,1.0,1.0,,0,0,-5,0,0,-10,-27,0,0,-8,0,0,65,-65,29,0,0,0,-361,0,-49,0,0,0,3,-10,0,-7521,-1073,-1499,0,-1,1,13067,0,0,0,0,-0.32000000000000006,106,75,-12,0,-37886,-7521,-1073,-1536,-1099,362,0,11,4,,1.0,-1.0,0,-49,0,0,0,21,61,0,0,20,0,0,-313,140,18,0,0,7,-9047,-1785,1739,0,0,13,22,35,0,9986,570,117,0,-1,1,4176,-1,0,0,1,0.010000000000000009,-662,-643,-23,0,-51295,838,-1317,1958,532,-101,-101,102,-28,,,,0.0,,1.0,,,1.0,0,0,-6,0,15,14,-4,0,0,-2,0,0,803,29,-78,0,0,0,0,0,0,0,0,-6,6,25,2,-4664,1338,-503,0,0,0,-1115430,0,0,0,0,-0.24,541,541,16,0,-10050,-5035,966,-131,404,-371,-371,371,84,0,-53,-7,0,0,62,2,0,0,0,0,0,-4,-112,-5,0,-1,0,-1857,-1475,900,0,0,-1,-2,-5,0,5067,2719,-270,0,0,3,28145,0,0,0,0,-0.020000000000000018,-82,-215,-20,0,17639,3120,1154,680,532,-90,-90,50,-203,-1.0,0.0,0,-102,-23,0,15,89,13,,0,0,10,0,0,1063,27,-37,0,-1,6,-11238,-3918,3853,0,0,4,21,8,60,2,443,3628,-3505,0,-2,9,-1021674,-1,0,0,1,0.18000000000000038,66,-506,-43,0,-73036,-11088,-948,1004,-400,-293,-655,655,-558
,,-1.0,1.0,,,,0,0,-2,0,0,-20,-18,0,0,0,0,0,196,35,1,0,0,-1,1377,-658,1263,0,0,0,2,73,0,-609,74,-1397,0,0,4,48368,0,0,0,0,0.75,-238,-238,-3,0,8556,674,-678,-14,-614,-93,-93,121,-127,-1.0,,0.0,0.0,,,,,,,,,,,,,,0.0,-1.0,1.0,0.0,1.0,,0,0,-17,0,0,-55,-95,0,0,-8,0,0,-74,-74,68,8,0,-7,-94,-94,-49,0,0,-8,3,-42,0,-4164,-1352,-1680,0,-1,1,13067,0,0,0,0,-0.32000000000000006,369,93,51,0,3045,-3495,-1447,-1748,-950,764,0,-21,168,,1.0,-1.0,0,-69,4,0,0,42,78,0,0,8,0,0,89,232,19,0,1,7,-9741,-2240,2194,0,0,15,29,35,0,14710,1080,-258,0,-1,1,4176,-1,0,0,1,0.010000000000000009,-1143,-643,-23,0,-52524,5029,-1099,1876,978,61,61,-61,770,,,,0.0,,1.0,,,1.0,0,0,-20,0,15,4,-5,0,0,9,0,0,-559,-21,-81,4,0,0,0,0,94,0,0,-15,11,-77,2,-162,1577,94,0,0,0,-1115430,0,0,0,0,-0.24,305,541,16,0,-7208,-501,1237,560,577,-339,-339,371,548,0,-53,-7,0,0,85,2,0,0,0,0,0,-47,-112,-5,0,-1,0,-1857,-1475,900,0,0,-1,-4,-5,0,5127,2879,-279,0,0,3,28145,0,0,0,0,-0.020000000000000018,-84,-190,-2,0,22497,3180,1314,670,549,-90,-90,50,-397,0.0,0.0,0,-122,-42,0,15,56,-38,,0,0,9,0,0,-395,60,2,12,0,-1,-10315,-4467,4402,0,0,-9,41,9,-16,2,14902,4258,-3520,0,-2,9,-1021674,-1,0,0,1,0.18000000000000038,-791,-437,39,0,-25634,4887,-673,1344,540,303,-461,460,962
,,-2.0,2.0,,,,0,0,-6,0,0,-22,-21,0,0,0,0,0,831,-51,0,0,-1,-1,687,-887,1754,0,0,-1,-10,-20,0,-6558,-698,-2182,0,0,4,48368,0,0,0,0,0.75,14,-270,-4,0,8556,-5963,-1678,-172,-1086,-93,-93,257,-591,0.0,,0.0,0.0,,,,,,,,,,,,,,0.0,-1.0,0.0,0.0,1.0,,0,0,-7,0,0,-57,-62,0,0,-11,0,0,-1218,28,-88,8,-1,-7,-486,-172,-104,0,0,-1,2,-103,0,-10415,-3137,-1512,0,-1,1,13067,0,0,0,0,-0.32000000000000006,124,52,-125,0,-23649,-12142,-3393,-1617,-1380,-1241,-84,-1,-795,,1.0,-1.0,0,-69,4,0,0,40,81,0,0,20,0,0,610,236,-63,0,1,7,-12053,-2996,2950,0,0,16,35,35,0,18298,1842,-785,0,-1,1,4176,-1,0,0,1,0.010000000000000009,-582,-665,-87,0,-59694,6294,-1106,2117,1392,49,49,-48,1299,,,1.0,0.0,,1.0,,,2.0,0,0,-9,0,15,9,-5,0,0,-5,0,0,196,-21,-81,4,0,0,0,0,172,0,0,16,3,104,2,-4283,1945,506,0,0,0,-1115430,0,0,0,0,-0.24,498,541,16,0,-8328,-4558,1669,1049,66,-275,-275,371,124,0,-53,-8,0,0,85,3,0,0,0,0,0,221,-115,-5,0,-1,0,-2653,-2170,1333,0,0,-1,2,-5,0,9229,4491,-582,0,0,3,28145,0,0,0,0,-0.020000000000000018,-63,-166,-1,0,45296,6351,2095,801,338,-224,-226,50,-256,0.0,1.0,0,-122,-26,0,15,55,-4,,0,0,4,0,0,640,77,-237,12,-2,-1,-14505,-6225,6105,0,0,29,32,10,11,2,6271,4443,-4555,0,-2,9,-1021674,-1,0,0,1,0.18000000000000038,-9,-508,-201,0,-37819,-10018,-2413,2178,-670,-1784,-629,629,-219
,-1.0,-1.0,2.0,,,,0,0,-2,0,0,-18,-43,0,0,0,0,0,150,36,1,0,0,0,134,-1441,1809,0,0,0,-1,-107,0,-3402,-1366,-2578,0,0,4,48368,0,0,0,0,0.75,-138,-242,-24,0,8556,-3378,-2916,-507,-389,-109,-109,262,-96,-1.0,0.0,300.0,0.0,,,,,,,,,,,-1.0,,,1.0,-1.0,0.0,-1.0,1.0,,0,0,-7,0,0,-58,-32,0,0,-11,0,0,16,13,-70,-1,-1,-7,-926,-172,-270,0,0,-2,5,0,0,-15268,-3137,-2009,0,-1,1,13067,0,0,0,0,-0.32000000000000006,2,69,-109,0,-58037,-17984,-3393,-2280,-1477,-1789,-84,-1,-855,,1.0,-1.0,0,-69,8,0,0,52,102,0,0,15,0,0,9,335,64,0,2,7,-14998,-3641,3595,0,0,18,38,128,0,21974,2073,-1004,0,-1,1,4176,-1,0,0,1,0.010000000000000009,-520,-665,-25,0,-66268,7000,-1544,2568,1551,24,24,-24,1634,,,1.0,0.0,,1.0,,,3.0,0,0,-10,0,20,9,-7,0,0,10,0,0,-766,1,-111,4,0,0,0,0,733,0,0,15,-8,0,2,-5780,2211,1112,0,0,0,-1115430,0,0,0,0,-0.24,55,595,17,0,-11103,-5836,2154,2227,372,-57,-57,382,-209,0,-73,-4,0,0,91,7,0,0,0,0,0,-311,-235,-4,0,0,0,-3279,-2795,1895,0,0,0,4,-98,0,12079,5045,-776,0,0,3,28145,0,0,0,0,-0.020000000000000018,-612,-125,-9,0,54546,8576,2023,952,1375,-224,-226,-168,216,0.0,1.0,0,-142,-15,0,20,76,27,,0,0,14,0,0,-902,150,-120,3,1,0,-19069,-8049,7762,0,0,31,38,11,-77,2,9603,4826,-5255,0,-2,9,-1021674,-1,0,0,1,0.18000000000000038,-1213,-368,-150,0,-72306,-11622,-3676,2960,1432,-2155,-452,451,690
,-1.0,-1.0,2.0,,,,0,0,-2,0,0,10,57,0,0,0,0,0,-64,39,1,0,0,-1,96,-1526,2387,0,0,0,1,-179,0,-5590,-1659,-3144,0,0,4,48368,0,0,0,0,0.75,-23,-247,-5,0,10175,-5639,-3329,-433,-290,-144,-144,323,-48,0.0,0.0,300.0,0.0,,,,,,,,,,,-1.0,,1.0,1.0,-1.0,0.0,-1.0,1.0,,0,0,-11,0,0,-66,-35,0,0,-8,0,0,-93,-93,7,0,-2,-7,-806,-307,-270,0,0,-4,2,0,0,-17596,-4128,-2107,0,-1,1,13067,0,0,0,0,-0.32000000000000006,59,25,42,0,-76373,-20208,-4519,-2377,-2503,-1807,-84,-1,-1225,,1.0,-2.0,0,-69,3,0,0,49,87,0,0,5,0,0,910,239,20,0,1,7,-19891,-4273,3937,0,0,17,38,265,0,24367,2529,-505,0,-1,1,4176,-1,0,0,1,0.010000000000000009,-625,-688,-26,0,-72135,4509,-1712,3374,741,32,32,-58,675,1.0,,1.0,-150.0,,1.0,,,4.0,0,0,-17,0,20,4,-7,0,0,21,0,0,106,106,-144,4,-1,0,0,0,1366,0,0,10,-21,20,2,-12381,3295,1342,0,0,0,-1115430,0,0,0,0,-0.24,595,595,17,0,-14737,-12438,3237,3091,-191,-57,-57,382,-642,0,-73,-4,0,0,140,7,0,0,0,0,0,-220,-220,-4,0,0,0,-5288,-3806,2206,0,0,0,6,10,0,13235,5819,-1422,0,0,3,28145,0,0,0,0,-0.020000000000000018,-125,-125,-34,0,44967,7723,1786,616,1027,-224,-226,-168,-21,0.0,0.0,0,-142,-31,0,20,137,109,,0,0,18,0,0,639,71,-120,4,-2,-1,-25889,-9912,9626,0,0,23,26,12,116,2,2035,5856,-5836,0,-2,9,-1021674,-1,0,0,1,0.18000000000000038,-119,-440,-6,0,-108103,-26053,-4537,4271,-1216,-2200,-479,478,-1261
,-1.0,-1.0,2.0,,,,0,0,-2,0,0,13,2,0,0,0,0,0,347,-41,1,-8,0,-1,-281,-1984,2855,0,0,0,-4,-67,-2,-12677,-2192,-3489,0,0,4,48368,0,0,0,0,0.75,-171,-247,-120,0,10175,-13157,-4375,-257,-489,-198,-198,377,-181,1.0,0.0,300.0,0.0,,,,,,,,,,,-1.0,,1.0,1.0,-1.0,0.0,-1.0,1.0,,0,0,-37,0,0,-63,-33,0,0,-5,0,0,-721,-301,9,4,-1,-8,-739,-307,-270,0,0,-38,-2,-77,0,-16210,-3732,-910,0,-1,1,13067,0,0,0,0,-0.32000000000000006,-241,86,99,0,-69735,-17856,-4123,-1181,-2232,-907,-84,-1,-836,,1.0,-2.0,0,-84,-2,0,0,46,85,0,0,5,0,0,140,140,19,0,0,7,-21327,-4491,3937,-18,0,15,42,15,0,28355,2529,-1114,0,-1,1,4176,-1,0,0,1,0.010000000000000009,-1211,-711,-28,0,-84760,7061,-1930,2764,730,32,32,-58,810,1.0,,1.0,-300.0,,1.0,,,4.0,0,0,-14,0,20,-46,-9,0,0,21,0,0,124,124,-152,4,0,0,0,0,1366,0,0,10,-17,0,2,-9523,3295,1446,0,0,0,-1115430,0,0,0,0,-0.24,593,650,17,0,-16424,-9580,3237,3195,-64,-57,-57,382,-339,0,-73,-4,0,0,132,8,0,0,0,0,0,-572,-220,79,0,0,0,-6100,-4369,2694,0,0,0,4,10,0,14523,6587,-1258,0,0,3,28145,0,0,0,0,-0.020000000000000018,-32,-124,56,0,48007,6503,1992,1268,775,-1919,-226,-168,-421,0.0,1.0,0,-157,-59,0,20,82,53,,0,0,21,0,0,-682,-298,-44,0,-1,-2,-28447,-11151,10582,-18,0,-13,23,13,-119,0,4468,6487,-5325,0,-2,9,-1021674,-1,0,0,1,0.18000000000000038,-1062,-346,24,0,-112737,-27029,-5199,5789,-1280,-3049,-533,532,-967
,-1.0,0.0,3.0,,,,0,0,2,0,0,12,-18,0,0,0,0,0,-52,54,2,-8,1,0,386,-2227,2855,0,0,1,2,-173,-2,-12443,-3418,-4220,0,0,4,48368,0,0,0,0,0.75,-266,-218,-4,0,10175,-11874,-5869,-1166,-447,184,-223,199,165,1.0,0.0,600.0,0.0,,,,,,,,,1.0,,-1.0,,1.0,2.0,0.0,-1.0,-2.0,2.0,,0,0,-33,0,0,-60,-42,0,0,0,0,0,563,-205,6,12,0,-8,-1054,-568,-349,0,0,-36,-3,-107,0,-13417,-3348,-1724,0,-1,1,13067,0,0,0,0,-0.32000000000000006,311,149,78,0,-62565,-14313,-3955,-2074,-1747,159,-38,-1,-214,,1.0,-2.0,0,-84,3,0,0,48,102,0,0,8,0,0,1368,242,113,0,1,7,-23265,-4491,4510,-18,0,17,40,15,0,31262,3582,-1475,0,-1,1,4176,-1,0,0,1,0.010000000000000009,-877,-711,-28,0,-90969,8128,-776,2942,1209,132,132,-94,887,1.0,,1.0,-300.0,,1.0,,,4.0,0,0,-21,0,20,-38,12,0,0,20,0,0,-68,46,-191,4,-1,0,0,0,1814,0,0,6,-32,40,0,-20689,3921,2196,0,0,0,-1115430,0,0,0,0,-0.24,600,650,17,0,-29507,-20746,3863,4586,-896,-57,-57,575,-1003,0,-133,-4,0,0,145,17,0,0,0,0,0,-225,-225,-4,0,0,0,-6469,-4738,2625,0,0,0,6,10,0,19197,8389,-1697,0,0,3,28145,0,0,0,0,-0.020000000000000018,-259,-124,-45,0,54751,10808,3424,660,1277,-1919,-226,-268,172,0.0,1.0,0,-217,-53,0,20,107,71,,0,0,28,0,0,1586,-88,-74,8,1,-1,-30402,-12024,11455,-18,0,-12,13,14,-215,-2,3910,9126,-6920,0,-2,9,-1021674,-1,0,0,1,0.18000000000000038,-491,-254,18,0,-118115,-27997,-3313,4948,-604,-1501,-412,411,7
,-1.0,0.0,3.0,,,,0,0,2,0,0,-8,-20,0,0,0,0,0,367,59,1,-4,1,-1,1763,-2326,2855,0,0,1,1,-20,-2,-11749,-5117,-3622,0,0,4,48368,0,0,0,0,0.75,174,-223,-4,0,10175,-5395,-7758,-1035,-634,4591,-314,-268,538,1.0,0.0,600.0,0.0,,,,,,,,,1.0,,-1.0,,1.0,2.0,0.0,0.0,-2.0,2.0,,0,0,2,0,0,-5,8,0,0,0,0,0,-118,-105,-1,4,0,-8,-2525,-568,-349,0,0,-36,-3,0,0,-18442,-3348,-2408,0,-1,1,13067,0,0,0,0,-0.32000000000000006,179,149,107,0,-74456,-20787,-3955,-2756,-1961,179,-38,-1,-659,,1.0,-1.0,0,-84,3,0,0,48,102,0,0,13,0,0,44,242,21,0,1,7,-27501,-4491,4921,-18,0,17,40,15,0,35620,3582,-942,0,-1,1,4176,-1,0,0,1,0.010000000000000009,-863,-711,-28,0,-96951,8250,-776,3926,1273,132,132,-52,850,1.0,,1.0,-300.0,,1.0,,,4.0,0,0,-16,0,25,-33,-31,0,0,33,0,0,-1557,167,-189,4,0,0,0,0,1535,0,0,8,-18,0,0,-11859,5586,4348,0,0,0,-1115430,0,0,0,0,-0.24,285,708,18,0,-26305,-10988,6457,6644,-14,871,871,761,-482,0,-153,-5,0,0,148,18,0,0,0,0,0,1138,-224,-4,0,0,0,-7214,-5349,2881,0,0,0,5,71,0,20061,9004,-3092,0,0,3,28145,0,0,0,0,-0.020000000000000018,-203,-121,-47,0,55869,10790,3290,-939,1291,-2058,-364,-729,109,0.0,0.0,0,-237,-14,0,25,150,77,,0,0,46,0,0,-126,139,-172,4,2,-2,-35477,-12734,11843,-18,0,-10,25,15,66,-2,13631,9707,-5716,0,-2,9,-1021674,-1,0,0,1,0.18000000000000038,-428,-198,46,0,-131668,-18130,-2742,5840,-45,3715,287,-289,356
,0.0,-1.0,3.0,,,,0,0,2,0,0,-8,-20,0,0,0,0,0,-145,59,1,-4,1,-1,1601,-2303,2887,0,0,1,-2,-20,-2,-14189,-4854,-3396,0,0,4,48368,0,0,0,0,0.75,-234,-223,-4,0,10604,-8010,-7484,-717,-942,4577,-328,-208,212,1.0,0.0,300.0,0.0,,,,,,,,,1.0,,0.0,1.0,1.0,1.0,-1.0,0.0,-1.0,2.0,,0,0,13,0,0,-48,-25,0,0,0,0,0,-1695,-215,10,10,-1,-8,-3281,-1077,521,0,0,-38,-10,-52,0,-21480,-4304,-3240,0,-1,1,13067,0,0,0,0,-0.32000000000000006,289,104,-84,0,-87136,-24971,-5649,-2595,-2409,-209,-268,123,-828,,1.0,-1.0,0,-124,-2,0,0,75,105,0,0,9,0,0,88,140,20,2,0,7,-31774,-4459,4921,-18,0,16,36,15,0,40387,3751,-398,0,-1,1,4176,-1,0,0,1,0.010000000000000009,-1059,-736,-30,0,-96154,8745,-575,4869,1024,132,132,345,525,1.0,,1.0,-300.0,,2.0,,,4.0,0,0,-23,0,25,-13,-35,0,0,16,0,0,66,66,-231,4,-1,0,0,0,1385,0,0,3,-33,-118,0,-20099,4953,3590,0,0,0,-1115430,0,0,0,0,-0.24,708,708,18,0,-57051,-19625,5427,5737,-448,474,474,761,-1199,0,-153,-5,0,0,150,18,0,0,0,0,0,191,-224,-4,0,0,0,-7843,-5862,3094,0,0,0,7,10,0,22718,10895,-3256,0,0,3,28145,0,0,0,0,-0.020000000000000018,-349,-121,-15,0,66107,12818,4670,-830,1170,-2058,-364,-669,32,0.0,0.0,0,-277,-15,0,25,156,43,,0,0,25,0,0,-1495,-174,-204,12,-1,-2,-41297,-13701,12808,-18,0,-18,-2,16,-165,-2,7337,10441,-6700,0,-2,9,-1021674,-1,0,0,1,0.18000000000000038,-645,-268,-115,0,-163630,-31043,-3611,6464,-1605,2916,-354,352,-1258
,-1.0,-1.0,2.0,,,,0,0,-2,0,0,-10,57,0,0,0,0,0,-821,-138,0,-2,0,-2,1941,-2696,3265,0,0,0,-5,-20,-2,-12691,-5465,-3182,0,0,4,48368,0,0,0,0,0.75,-173,-260,-5,0,10604,-5446,-8495,-179,-928,5304,-336,-263,338,1.0,0.0,300.0,0.0,,,,,,,,,1.0,,0.0,0.0,1.0,1.0,-2.0,0.0,-1.0,2.0,,0,0,-23,0,0,-45,-93,0,0,0,0,0,-359,-366,6,10,0,-8,-4480,-1077,521,0,0,-36,-10,-103,0,-25220,-4304,-3524,0,-1,1,13067,0,0,0,0,-0.32000000000000006,185,169,-115,0,-119069,-32012,-5649,-2880,-2410,-2313,-268,123,-759,,1.0,-1.0,0,-124,-2,0,0,75,105,0,0,16,0,0,-499,140,20,2,0,7,-34664,-5337,5984,-18,0,16,39,15,0,44302,3976,522,0,-1,1,4176,-1,0,0,1,0.010000000000000009,-1054,-736,-30,0,-95592,9860,-1140,6925,1179,220,220,418,662,1.0,,0.0,-300.0,,3.0,,,4.0,0,0,-18,0,25,-8,-40,0,0,15,0,0,108,191,-229,4,0,0,0,0,1539,0,0,5,-19,-6,0,-15369,4953,2725,0,0,0,-1115430,0,0,0,0,-0.24,633,767,19,0,-55828,-16321,5427,5026,-138,-951,474,761,-615,0,-153,-5,0,0,153,18,0,0,0,0,0,37,-224,-4,0,0,0,-7946,-5964,3026,0,0,0,8,10,0,23632,11112,-3961,0,0,3,28145,0,0,0,0,-0.020000000000000018,-481,-121,-47,0,70071,13629,4784,-1702,1316,-2058,-364,-767,-83,0.0,0.0,0,-277,-50,0,25,165,47,,0,0,31,0,0,-1534,-397,-207,14,0,-3,-45149,-15074,14335,-18,0,-15,13,17,-104,-2,14654,10272,-7420,0,-2,9,-1021674,-1,0,0,1,0.18000000000000038,-890,-181,-178,0,-189814,-30290,-5073,7190,-981,202,-274,272,-457
,0.0,-1.0,2.0,,,,0,0,-2,0,0,0,-5,0,0,0,0,0,-138,-138,0,0,0,-2,2726,-2696,3253,0,0,0,-7,5,-2,-13838,-6326,-3172,0,0,4,48368,0,0,0,0,0.75,253,-260,-5,0,10604,-5470,-9433,-182,-1276,5642,-413,-263,215,1.0,0.0,300.0,0.0,,,,,,,,1.0,1.0,,0.0,0.0,0.0,1.0,-2.0,0.0,-1.0,2.0,,0,0,-27,0,0,-38,-96,0,0,0,0,0,-2201,-480,4,-2,-1,-8,-6146,-1066,350,0,0,-38,-15,-103,0,-30094,-3668,-2127,0,-1,1,13067,0,0,0,0,-0.32000000000000006,-122,123,-130,0,-188975,-35743,-5002,-844,-2870,497,-268,933,-1411,,1.0,-1.0,0,-124,3,0,0,78,109,0,0,5,0,0,246,246,21,-2,1,7,-42447,-4943,5984,-18,0,19,36,15,0,49849,5113,981,0,-1,1,4176,-1,0,0,1,0.010000000000000009,-649,-736,-30,0,-110454,7768,535,7384,1337,366,366,418,354,1.0,,0.0,-300.0,,3.0,,,4.0,0,0,-45,0,25,-13,-43,0,0,25,0,0,-1103,86,-73,4,-1,0,0,0,1402,0,0,2,-12,-26,0,-10409,3527,3391,0,0,0,-1115430,0,0,0,0,-0.24,309,767,19,0,-77299,-12093,3268,5410,-189,-1683,-258,616,-585,0,-188,-5,0,8,183,19,0,0,0,0,0,-223,-223,-4,0,0,0,-8571,-5964,2769,0,0,0,14,-210,7,26646,11722,-4982,0,0,3,28145,0,0,0,0,-0.020000000000000018,-460,-119,-63,0,80048,19726,5394,-2980,1519,1652,-364,-767,290,0.0,0.0,0,-312,-76,0,33,210,-16,,0,0,30,0,0,-3419,-509,-52,0,-1,-3,-54438,-14669,13758,-18,0,-17,16,18,-319,5,22154,10368,-5909,0,-2,9,-1021674,-1,0,0,1,0.18000000000000038,-669,-225,-209,0,-286076,-25812,-5238,8788,-1479,6474,-937,937,-1137
,0.0,-1.0,2.0,,,,0,0,-2,0,0,-11,-7,0,0,0,0,0,-57,-56,1,4,0,-10,6061,-2696,3253,0,0,0,-5,-2,0,-11823,-6326,-3026,0,0,4,48368,0,0,0,0,0.75,-200,-266,-6,0,10604,834,-9433,-36,-1238,6595,-413,-263,493,1.0,0.0,0.0,0.0,,,,,,,,1.0,1.0,,0.0,0.0,0.0,0.0,-1.0,0.0,0.0,2.0,,0,0,-53,0,0,2,-26,0,0,0,0,0,-480,-480,113,-2,-1,-8,-7858,-1066,350,0,0,-38,-11,0,0,-26946,-3668,-2218,0,-1,1,13067,0,0,0,0,-0.32000000000000006,-118,123,-64,0,-228770,-33318,-5002,-936,-2703,1485,-268,933,-1161,,1.0,-1.0,0,-124,-3,0,0,114,107,0,0,5,0,0,140,140,20,-2,0,7,-44326,-4943,5984,-24,0,18,42,15,0,54899,5113,928,0,-1,1,4176,-1,0,0,1,0.010000000000000009,-1561,-1061,-31,0,-113493,10938,535,7332,1527,366,366,418,507,1.0,,0.0,-400.0,,3.0,,,4.0,0,0,-16,0,25,-33,-49,0,0,8,0,0,-23,-23,-325,4,-2,0,0,0,1402,0,0,-2,-24,91,0,-19307,3348,3483,0,0,0,-1115430,0,0,0,0,-0.24,767,767,19,0,-86581,-20991,3089,5503,-888,-1683,-258,616,-1883,0,-188,-5,0,8,187,19,0,0,0,0,0,-223,-223,-4,0,0,0,-8571,-5964,2769,0,0,0,14,20,7,27016,11978,-4982,0,0,3,28145,0,0,0,0,-0.020000000000000018,-415,-119,-63,0,80048,20098,5650,-2980,1559,1654,-364,-767,351,-1.0,-1.0,0,-312,-79,0,33,259,44,,0,0,13,0,0,-643,-642,-195,4,-3,-11,-54694,-14669,13758,-24,0,-22,16,19,124,7,23839,10445,-5815,0,-2,9,-1021674,-1,0,0,1,0.18000000000000038,-1527,-556,-145,0,-338192,-22439,-5161,8883,-1743,8417,-937,937,-1693
,0.0,-2.0,3.0,,0.0,0.0,0,0,4,0,0,-11,-7,0,0,0,0,0,-204,-56,1,4,0,-10,4968,-4253,3536,0,0,3,-5,-2,0,-12451,-7624,-3416,0,0,4,48368,0,0,0,0,0.75,-362,-266,-42,0,10504,-747,-12328,-475,-2032,6736,-450,-595,132,1.0,0.0,-300.0,0.0,,,,,,,,1.0,1.0,,0.0,0.0,0.0,-1.0,-2.0,0.0,1.0,3.0,,0,0,-41,0,0,12,-55,0,0,0,0,0,-2318,-495,-407,2,-1,-8,-9377,-1552,1309,0,0,-33,-11,0,0,-33351,-5358,-1950,0,-1,1,13067,0,0,0,0,-0.32000000000000006,143,141,-10,0,-247066,-40344,-7178,979,-3388,2385,-268,1620,-1358,,1.0,-1.0,0,-124,3,0,0,114,107,0,0,25,0,0,-583,140,20,-2,0,7,-46777,-4868,6886,-24,0,23,40,15,0,55321,6462,1058,0,-1,1,4176,-1,0,0,1,0.010000000000000009,-755,-1061,-31,0,-114319,9326,2376,8363,1315,782,782,418,14,1.0,,0.0,-400.0,0.0,4.0,,,4.0,0,0,20,0,25,-33,-49,0,0,17,0,0,-1514,-23,-325,4,-2,0,0,0,2362,0,0,5,-22,-33,0,-20550,3633,3452,0,0,0,-1115430,0,0,0,0,-0.24,666,767,19,0,-88828,-22883,2724,6522,-954,-2333,-908,707,-2161,0,-188,1,0,8,198,19,0,0,0,0,0,560,-223,-4,0,0,0,-9503,-6896,2567,0,0,3,15,20,7,28749,13495,-5858,0,0,3,28145,0,0,0,0,-0.020000000000000018,-441,-119,-63,0,81370,20906,6234,-4234,1305,1660,-364,-943,-181,-2.0,-1.0,0,-312,-13,0,33,280,15,,0,0,42,0,0,-4059,-657,-715,8,-3,-11,-60689,-17569,16660,-24,0,1,17,20,0,7,17718,10608,-6714,0,-2,9,-1021674,-1,0,0,1,0.18000000000000038,-749,-538,-127,0,-358339,-33742,-8172,11155,-3754,9230,-1208,1207,-3554
,0.0,-2.0,3.0,,0.0,0.0,0,0,5,0,0,-29,87,0,0,0,0,0,-751,-53,-4,0,0,-9,5124,-4187,4178,0,0,4,-13,-2,0,-19048,-7016,-3305,0,0,4,48368,0,0,0,0,0.75,-273,-272,-6,0,17902,-7092,-11557,279,-1990,6832,-355,-595,159,1.0,0.0,0.0,0.0,,,,,,,,1.0,1.0,,0.0,0.0,0.0,0.0,-2.0,0.0,0.0,3.0,,0,0,-41,0,0,12,3,0,0,0,0,0,-543,-495,-407,-10,-1,-8,-13791,-1552,1215,0,0,-33,-11,0,0,-40351,-5358,-2089,0,-1,1,13067,0,0,0,0,-0.32000000000000006,192,141,-10,0,-402796,-53594,-7178,746,-3657,549,-268,1620,-1940,,1.0,-1.0,0,-124,9,0,0,116,111,0,0,5,0,0,1784,250,22,-2,1,7,-52068,-5511,6820,-24,0,26,41,15,0,60620,6462,600,0,-1,1,4176,-1,0,0,1,0.010000000000000009,-552,-1061,-31,0,-121618,9335,1733,7743,1419,782,782,323,277,1.0,,0.0,-400.0,0.0,5.0,,,4.0,0,0,20,0,25,-27,-48,0,0,3,0,0,-43,-43,-347,4,-1,0,0,0,2607,0,0,3,-21,-257,0,-22757,3633,3343,0,0,0,-1115430,0,0,0,0,-0.24,799,829,20,0,-99499,-25090,2724,6657,-868,-2333,-908,707,-2109,0,-188,-4,0,8,214,17,0,0,0,0,0,-314,-314,-5,0,-1,0,-9644,-6896,2567,0,0,2,15,20,7,28611,13495,-5858,0,0,3,28145,0,0,0,0,-0.020000000000000018,-164,-164,-81,0,79950,20630,6234,-4234,1294,1662,-364,-943,-427,-1.0,-1.0,0,-312,-11,0,33,286,170,,0,0,8,0,0,133,-655,-741,-8,-2,-10,-70379,-18146,17387,-24,0,2,11,21,-224,7,7075,11216,-7309,0,-2,9,-1021674,-1,0,0,1,0.18000000000000038,2,-527,-108,0,-526061,-55811,-8044,11191,-3802,7492,-1113,1112,-4040
,0.0,-1.0,3.0,,0.0,0.0,0,0,9,0,0,-42,-7,0,0,0,0,0,868,156,2,4,1,-8,6184,-4942,5325,0,0,5,-3,-2,0,-8684,-7037,-4804,0,0,4,48368,0,0,0,0,0.75,-178,-237,-5,0,15227,5428,-12322,-121,-1125,7928,-342,-643,1203,1.0,0.0,300.0,0.0,,,,,,,,1.0,1.0,,0.0,0.0,0.0,1.0,-2.0,0.0,-1.0,3.0,,0,0,-46,0,0,8,-30,0,0,0,0,0,-1742,-617,-347,-10,-2,-8,-15876,-1540,2557,0,0,-36,-17,0,0,-42245,-4301,-1659,0,-1,1,13067,0,0,0,0,-0.32000000000000006,146,92,160,0,-470663,-57480,-6108,2568,-3643,641,-268,1669,-1969,,1.0,-1.0,0,-144,4,0,0,112,109,0,0,8,0,0,-217,-10,120,-2,0,7,-52688,-7201,7277,-24,0,24,56,15,0,72163,6763,1032,0,-1,1,4176,-1,0,0,1,0.010000000000000009,-1468,-1087,-33,0,-118216,20257,343,8633,2067,782,782,323,1091,1.0,,0.0,-400.0,0.0,5.0,,,4.0,0,0,21,0,30,-24,-53,0,0,3,0,0,-204,-204,-393,4,-2,0,0,0,3140,0,0,1,-29,-30,0,-29359,3999,3786,0,0,0,-1115430,0,0,0,0,-0.24,829,829,20,0,-113246,-31691,3091,7711,-1070,-2333,-908,784,-2531,0,-188,2,0,8,219,22,0,0,0,0,0,1385,-222,-4,0,0,0,-12715,-8009,2635,0,0,4,13,20,7,29087,14042,-7557,0,0,3,28145,0,0,0,0,-0.020000000000000018,115,-118,-79,0,60524,18034,5669,-5955,1417,1662,-364,-1034,33,-1.0,-2.0,0,-332,-10,0,38,273,41,,0,0,11,0,0,90,-897,-622,-4,-3,-9,-75095,-21692,20934,-24,0,-2,20,22,3,7,20962,13466,-9202,0,-2,9,-1021674,-1,0,0,1,0.18000000000000038,-556,-521,63,0,-626374,-45452,-9327,12836,-2354,8680,-1100,1099,-2173
,0.0,0.0,4.0,1.0,-1.0,0.0,0,23,9,0,0,12,10,0,0,0,0,0,156,156,2,4,1,-8,7131,-4942,5773,0,0,5,1,-55,0,-4025,-7260,-4804,0,0,4,48368,0,0,0,0,0.75,-117,-237,-45,0,15227,12147,-12565,326,-760,9040,-362,-643,2329,1.0,0.0,574.0,0.0,,,,,,,,1.0,1.0,,0.0,0.0,0.0,2.0,-3.0,0.0,-2.0,3.0,,0,23,-48,0,0,-9,-138,0,0,0,0,0,-611,-611,4,-14,-1,-8,-17113,-1540,3066,0,0,-34,-18,-135,0,-44000,-4301,-1171,0,-1,1,13067,0,0,0,0,-0.32000000000000006,-124,-239,124,0,-533132,-60639,-6108,3564,-3454,473,-268,1669,-1376,,1.0,-1.0,0,-126,10,0,0,128,113,0,0,8,0,0,1659,102,14,-2,1,7,-54332,-7637,7144,-24,0,26,54,15,0,76235,7979,743,0,-1,1,4176,-1,0,0,1,0.010000000000000009,-1300,-1087,-33,0,-121584,23109,1548,7805,2626,1206,1206,-81,2040,1.0,,0.0,-400.0,0.0,5.0,,,4.0,0,23,27,0,35,-5,-52,0,0,8,0,0,-648,-71,-391,4,-1,0,0,0,3140,0,0,3,-19,-10,0,-20980,4017,4084,0,0,0,-1115430,0,0,0,0,-0.24,683,892,20,0,-116355,-23364,3057,8227,-529,-2384,-959,1003,-1427,0,-165,7,0,8,235,44,0,0,0,0,0,-126,-126,-3,4,1,0,-12785,-8009,3056,0,0,5,13,45,7,32524,14042,-7557,0,0,3,28145,0,0,0,0,-0.020000000000000018,-23,-69,-78,0,58477,21402,5669,-5534,1895,1662,-364,-1034,1240,-1.0,-2.0,0,-222,5,0,43,361,-23,,0,0,16,0,0,430,-550,-374,-4,1,-9,-77099,-22128,22179,-24,0,5,31,23,-140,7,39754,14477,-8705,0,-2,9,-1021674,-1,0,0,1,0.18000000000000038,-881,-740,-12,0,-697367,-27345,-8399,14388,-222,9997,-747,914,2806
,0.0,0.0,4.0,1.0,-1.0,0.0,0,23,15,0,0,16,42,0,0,0,0,0,-871,268,4,8,2,-8,9200,-5090,5608,0,0,7,1,23,0,1512,-7085,-3448,0,0,4,48368,0,0,0,0,0.75,-486,-202,-4,0,14664,20359,-12620,1202,124,9647,-445,-959,2552,1.0,0.0,574.0,0.0,,,,,,,-1.0,1.0,1.0,,0.0,0.0,0.0,2.0,-2.0,0.0,-2.0,3.0,,0,23,-47,0,0,-9,-140,0,0,0,0,0,-266,-626,4,-22,-1,-8,-18967,-1839,2735,0,0,-33,-19,-135,0,-47673,-6042,-2855,0,-1,1,13067,0,0,0,0,-0.32000000000000006,-471,-219,-172,0,-705800,-67067,-8149,1434,-3587,-427,-268,1554,-1927,,1.0,-1.0,0,-149,10,0,0,124,113,0,0,25,0,0,-1794,172,22,-2,1,7,-56682,-7414,7510,-24,0,26,52,15,0,78733,8509,2446,0,-1,1,4176,-1,0,0,1,0.010000000000000009,-1444,-1087,-33,0,-119833,23587,2631,9906,2656,1536,1536,-50,2036,1.0,,0.0,-150.0,-1.0,5.0,,,4.0,0,0,27,0,35,-39,-52,0,0,17,0,0,182,-221,-417,4,-1,0,-79,0,3534,0,0,3,-18,-36,0,-21008,3228,2478,0,0,0,-1115430,0,0,0,0,-0.24,572,892,20,0,-118964,-24167,1575,7881,-717,-3078,-1653,1867,-1677,0,-185,7,0,8,241,44,0,0,0,0,0,1481,-126,-3,4,1,0,-13381,-8160,3056,0,0,5,13,98,7,36325,17537,-9316,0,0,3,28145,0,0,0,0,-0.020000000000000018,-142,-69,-78,0,52168,24589,8995,-7294,2164,1645,-381,-1034,1437,-1.0,-3.0,0,-288,12,0,43,333,7,,0,0,42,0,0,-1268,-533,-390,-8,2,-9,-79909,-22503,22443,-24,0,8,29,24,-35,7,47889,16147,-10695,0,-2,9,-1021674,-1,0,0,1,0.18000000000000038,-1971,-685,-267,0,-877765,-22699,-7568,13129,640,9323,-1211,1378,2421
,0.0,0.0,4.0,1.0,0.0,0.0,0,23,15,0,0,41,167,0,0,0,0,0,660,268,4,12,2,-8,9467,-5137,5654,0,0,7,-2,23,0,4440,-7290,-3941,0,0,4,48368,0,0,0,0,0.75,-218,-202,-4,0,24737,24830,-12921,755,79,10923,-493,-959,2597,1.0,0.0,574.0,0.0,,,,,,,-1.0,1.0,1.0,,0.0,0.0,0.0,2.0,-1.0,0.0,-2.0,3.0,,0,23,-47,0,0,1,-155,0,0,0,0,0,-940,-626,11,-18,-1,-8,-18758,-1885,3565,0,0,-33,-20,-150,0,-42623,-6286,-2995,0,-1,1,13067,0,0,0,0,-0.32000000000000006,-334,-219,-149,0,-729149,-61808,-8438,2125,-3501,-427,-268,1554,-1633,,1.0,-1.0,0,-149,10,0,0,144,113,0,0,5,0,0,172,172,-61,-2,1,7,-60941,-8529,7510,-24,0,26,55,15,0,82900,8509,2576,0,-1,1,4176,-1,0,0,1,0.010000000000000009,-1103,-1087,-96,0,-131734,23389,1409,10036,2787,1429,1429,-50,1927,1.0,,0.0,-150.0,-1.0,5.0,,,4.0,0,0,71,0,35,-39,-52,0,0,7,0,0,-594,-71,-417,4,-1,0,-79,0,3859,0,0,3,-20,-36,0,-21916,3826,2616,0,0,0,-1115430,0,0,0,0,-0.24,752,892,20,0,-128218,-25074,2172,8598,-819,-3078,-1653,2123,-1814,0,-185,7,0,12,257,12,0,0,0,0,0,97,-126,-3,4,1,0,-13743,-8522,3424,0,0,5,13,49,7,37578,18393,-9566,0,0,3,28145,0,0,0,0,-0.020000000000000018,-74,-69,-31,0,53819,25382,9390,-7176,2173,1547,-481,-1034,1443,-2.0,-2.0,0,-288,56,0,47,404,85,,0,0,12,0,0,-605,-383,-466,0,2,-9,-84054,-24073,24012,-24,0,8,26,25,-99,7,60379,17152,-11310,0,-2,9,-1021674,-1,0,0,1,0.18000000000000038,-977,-685,-260,0,-910545,-13281,-8388,14338,719,10394,-1466,1634,2520
,-1.0,0.0,5.0,1.0,-1.0,0.0,0,0,22,0,0,34,20,0,0,0,0,0,2003,278,364,12,2,-8,8958,-5646,5636,0,0,11,-2,-10,0,7321,-6178,-5786,0,0,4,48368,0,0,0,0,0.75,-1,-206,-5,0,36499,28769,-11237,-1085,396,12490,587,-936,3173,1.0,0.0,574.0,0.0,,,1.0,,,,-1.0,0.0,1.0,,0.0,0.0,0.0,2.0,-1.0,0.0,-2.0,4.0,1.0,0,0,-19,0,3,35,-12,0,0,0,0,0,-514,-514,14,-14,0,-8,-19046,-2206,4204,0,3,-25,-12,-225,0,-32302,-4694,-5133,0,-1,1,13067,0,0,0,0,-0.32000000000000006,-438,-145,2,0,-758386,-51164,-7457,-116,-3205,183,-557,813,-570,,1.0,-1.0,0,-149,24,0,0,146,117,0,0,5,0,0,2083,289,23,-2,2,7,-59101,-8753,7906,-24,0,35,62,15,0,92460,8693,1778,0,-1,1,4176,-1,0,0,1,0.010000000000000009,-961,-1087,-33,0,-132333,34816,1397,9270,4152,1457,1457,-414,2318,1.0,,0.0,-150.0,-2.0,5.0,,,4.0,0,0,38,0,35,-44,-56,0,0,3,0,0,-186,-186,-459,4,-2,0,-79,0,4502,0,0,8,-32,-76,0,-35560,4226,3725,0,0,0,-1115430,0,0,0,0,-0.24,892,892,20,0,-132352,-38719,2572,10788,-1029,-3078,-1653,2560,-2232,0,-208,20,0,12,251,50,0,0,0,0,0,1579,-28,-1,4,2,0,-14360,-9139,3431,0,0,11,15,49,7,45550,20437,-11359,0,0,3,28145,0,0,0,0,-0.020000000000000018,326,-20,-76,0,59467,32564,10645,-8961,2867,1374,-654,-1034,2683,-2.0,-3.0,0,-357,85,0,50,422,119,,0,0,8,0,0,4965,-161,-59,4,4,-9,-83628,-25744,25679,-24,3,40,31,26,-247,7,77469,22484,-16775,0,-2,9,-1021674,-1,0,0,1,0.18000000000000038,-182,-566,-92,0,-927105,6266,-4080,9896,3181,12426,-820,989,5372
,-1.0,0.0,5.0,1.0,0.0,-1.0,0,0,22,0,0,34,35,0,0,0,0,0,278,278,-307,12,2,-8,10329,-5646,5636,0,0,11,6,-10,0,8362,-6178,-6244,0,0,4,48368,0,0,0,0,0.75,39,-206,-5,0,27051,31666,-11237,-1544,695,12975,587,-936,3499,1.0,0.0,574.0,0.0,,,1.0,,,,-1.0,0.0,1.0,,0.0,0.0,0.0,2.0,-1.0,-1.0,-2.0,4.0,1.0,0,0,-61,0,3,16,-245,0,0,0,0,0,-35,-644,17,-6,-1,-8,-21435,-2638,3763,0,3,-56,-29,-150,0,-40269,-5502,-5740,0,-1,1,13067,0,0,0,0,-0.32000000000000006,247,-197,159,0,-914379,-61669,-8845,-1298,-3522,35,-705,678,-1179,,1.0,-1.0,0,-149,-20,0,0,196,145,0,0,24,0,0,-816,359,119,6,2,7,-61281,-8312,8338,-24,0,2,57,6,0,99109,9258,2446,0,-1,1,4176,-1,0,0,1,0.010000000000000009,-1251,-1087,-33,0,-140761,39425,2544,10519,4267,1597,1597,-266,2359,1.0,,0.0,-150.0,-2.0,5.0,,,4.0,0,0,45,0,35,-38,-54,0,0,3,0,0,-49,-49,-457,12,-1,0,-79,0,4502,0,0,11,-46,-17,0,-37080,4226,3576,0,0,0,-1115430,0,0,0,0,-0.24,782,958,21,0,-142759,-40238,2572,10642,-1203,-3078,-1653,2563,-2611,0,-208,21,0,12,250,77,0,0,0,0,0,-20,-20,-1,4,2,0,-14360,-9139,3431,0,0,11,16,49,7,48753,20437,-11359,0,0,3,28145,0,0,0,0,-0.020000000000000018,-51,-14,-78,0,73543,35770,10645,-8961,2898,1376,-654,-1034,2741,-2.0,-3.0,0,-357,7,0,50,458,-42,,0,0,27,0,0,-642,-76,-629,28,4,-9,-86826,-25735,25670,-24,3,-21,4,27,-122,7,78875,22241,-17321,0,-2,9,-1021674,-1,0,0,1,0.18000000000000038,-234,-546,64,0,-1097305,4954,-4321,9358,3135,12905,-828,1005,4809
,-1.0,1.0,5.0,1.0,0.0,-1.0,0,0,28,0,0,18,66,0,0,0,0,0,-196,398,5,12,3,-8,11251,-5795,5778,0,0,13,17,-194,0,24916,-5535,-6529,0,0,4,48368,0,0,0,0,0.75,-492,-168,-4,0,11883,50055,-10518,-1571,1232,13887,813,-820,4417,1.0,0.0,548.0,0.0,,,1.0,,,1.0,-1.0,0.0,1.0,,0.0,0.0,0.0,2.0,-2.0,-1.0,-2.0,4.0,1.0,0,0,-21,0,3,17,-156,0,0,0,0,0,1259,-660,4,-6,-1,-8,-22905,-2707,3277,0,3,-28,-24,-135,0,-31752,-4601,-7110,0,-1,1,13067,0,0,0,0,-0.32000000000000006,358,-175,166,0,-1122675,-54658,-8050,-4069,-3609,-2,-742,-235,-1733,,1.0,-1.0,0,-209,18,0,0,193,134,0,0,5,0,0,247,247,22,6,1,7,-70123,-8184,8407,-24,0,34,49,-141,0,98610,9595,3159,0,-1,1,4176,-1,0,0,1,0.010000000000000009,-1614,-1114,-35,0,-154137,30642,3567,11337,3982,2155,2155,-229,1628,1.0,,0.0,-150.0,-2.0,5.0,,,4.0,0,0,45,0,35,-38,-54,0,0,3,0,0,-86,-49,-457,12,-1,0,-79,0,4502,0,0,11,-25,-34,0,-17126,4226,2911,0,0,0,-1115430,0,0,0,0,-0.24,532,958,21,0,-140480,-20284,2572,10017,-608,-3078,-1653,2603,-1465,0,-208,21,0,12,256,77,0,0,0,0,0,1681,-20,301,4,2,0,-16923,-9453,4113,0,0,11,16,49,7,49813,21177,-12000,0,0,3,28145,0,0,0,0,-0.020000000000000018,169,-14,-78,0,48386,34266,11070,-8908,3305,1376,-654,-1020,3453,-2.0,-3.0,0,-417,91,0,50,446,67,,0,0,8,0,0,2905,-84,-125,28,4,-9,-98779,-26139,26077,-24,3,41,33,28,-455,7,124461,24862,-19569,0,-2,9,-1021674,-1,0,0,1,0.18000000000000038,-1047,-513,70,0,-1357023,40021,-1359,6806,4302,14338,-81,299,6300
,-1.0,0.0,6.0,2.0,0.0,-1.0,0,39,30,0,0,82,64,0,0,0,0,0,410,410,5,8,3,-8,13471,-5835,5778,0,0,13,21,15,0,29401,-6050,-6734,0,0,4,48368,0,0,0,0,0.75,-201,-171,-143,0,11652,57950,-11146,-1776,1496,15079,740,-820,4844,1.0,0.0,248.0,0.0,,,1.0,,,1.0,-1.0,0.0,1.0,,0.0,0.0,0.0,1.0,-1.0,0.0,-1.0,4.0,1.0,0,39,-21,0,3,15,-181,0,0,0,0,0,-760,-760,4,-10,-1,-8,-24932,-2707,3229,0,3,-69,-28,-150,0,-35057,-4601,-7035,0,-1,1,13067,0,0,0,0,-0.32000000000000006,-384,-175,-3,0,-1173404,-59089,-8050,-4009,-3488,898,-742,-201,-1610,,1.0,-1.0,0,-170,24,0,0,219,138,0,0,5,0,0,367,367,-59,10,2,7,-73871,-8519,8407,-24,0,37,48,41,0,109512,9563,3159,0,-1,1,4176,-1,0,0,1,0.010000000000000009,-1345,-1114,-97,0,-159948,37528,2932,11337,4204,1887,1887,-229,2207,1.0,,0.0,-200.0,-3.0,5.0,,,4.0,0,0,53,0,35,-34,-57,0,0,17,0,0,-2758,124,-498,12,-1,0,-79,0,4878,0,0,12,-36,-14,0,-28569,4248,3331,0,0,0,-1115430,0,0,0,0,-0.24,507,1025,22,0,-153132,-32894,1428,12320,-1005,-4245,-2820,4110,-1813,0,-169,27,0,12,284,82,0,0,0,0,0,84,84,321,4,3,0,-17102,-9453,4113,0,0,13,15,101,7,52663,21177,-12000,0,0,3,28145,0,0,0,0,-0.020000000000000018,38,38,-76,0,45116,37207,11070,-8908,3615,1646,-654,-1020,3940,-3.0,-3.0,0,-261,113,0,50,566,46,,0,0,22,0,0,-2657,225,-227,24,6,-9,-102513,-26514,26405,-24,3,6,20,29,-7,7,127950,24337,-19279,0,-2,9,-1021674,-1,0,0,1,0.18000000000000038,-1385,-397,-297,0,-1429716,40702,-3766,8964,4822,15265,-1589,1840,7568
,-1.0,0.0,6.0,2.0,0.0,-1.0,0,0,30,0,0,68,44,0,0,0,0,0,-1180,410,5,3,3,-8,12614,-6148,6898,0,0,13,20,-10,0,20742,-5266,-8091,0,0,4,48368,0,0,0,0,0.75,-217,-171,-143,0,10166,48757,-10645,-2013,1369,15401,769,-820,4256,1.0,0.0,274.0,0.0,,,1.0,,,1.0,-1.0,0.0,1.0,,0.0,0.0,0.0,1.0,-1.0,0.0,-1.0,4.0,1.0,0,39,-21,0,3,55,-71,0,0,0,0,0,2151,-560,13,-6,-1,-8,-26095,-3996,3466,0,3,-69,-28,159,0,-27756,-3446,-10340,0,-1,1,13067,0,0,0,0,-0.32000000000000006,54,-175,-37,0,-1205214,-52768,-8002,-6992,-3707,1082,-558,-118,-1636,,1.0,-1.0,0,-170,18,0,0,215,136,0,0,5,0,0,250,250,23,6,1,7,-71379,-8519,8407,-24,0,35,68,41,0,126178,9563,3159,0,-1,1,4176,-1,0,0,1,0.010000000000000009,-1121,-1141,-37,0,-160277,56686,2932,11337,4725,1887,1887,-229,2982,1.0,,0.0,100.0,-3.0,5.0,,,4.0,0,0,53,0,35,-34,-57,0,0,17,0,0,-2758,124,-995,4,-1,0,-138,-58,5384,0,0,12,-37,-115,0,-37639,4741,3654,0,0,0,-1115430,0,0,0,0,-0.24,912,1025,22,0,-168986,-43699,219,14867,-1508,-5921,-4462,5828,-1997,0,-169,22,0,16,299,99,0,0,0,0,0,-13,-13,-2,4,2,0,-17501,-9789,4113,0,0,11,19,53,7,58966,23466,-12735,0,0,3,28145,0,0,0,0,-0.020000000000000018,19,-9,-80,0,47230,43030,12652,-9643,3548,1567,-1025,-1020,3518,-2.0,-3.0,0,-300,102,0,54,603,151,,0,0,22,0,0,-1550,211,-956,11,4,-9,-102499,-28510,28268,-24,3,2,42,30,128,7,140491,29058,-24353,0,-2,9,-1021674,-1,0,0,1,0.18000000000000038,-353,-471,-275,0,-1477081,52006,-2844,7556,4427,14016,-3389,3641,7123
,-1.0,0.0,6.0,2.0,0.0,-2.0,0,0,25,0,-18,35,41,0,0,0,0,0,296,296,3,3,2,-8,12614,-6148,6898,0,0,12,17,-10,0,18805,-5266,-8110,0,0,4,48368,0,0,0,0,0.75,-175,-215,-6,0,10166,46820,-10645,-2032,1251,15401,769,-820,3891,1.0,0.0,274.0,0.0,,,1.0,,,1.0,-1.0,0.0,1.0,,0.0,0.0,0.0,1.0,-1.0,0.0,-1.0,4.0,1.0,0,39,-61,0,6,35,-118,0,0,-17,0,0,75,-727,27,-6,-1,-8,-28513,-4048,3466,0,6,-69,-24,-94,0,-22603,-3706,-11211,0,-1,1,13067,0,0,0,0,-0.32000000000000006,-276,-153,65,0,-1252997,-50034,-8313,-7862,-3644,1082,-558,-118,-1220,,1.0,-1.0,0,-185,25,0,0,258,141,0,0,5,0,0,243,243,13,10,2,7,-76277,-8519,8407,-29,0,38,67,41,0,137309,9563,3159,0,-1,1,4176,-1,0,0,1,0.010000000000000009,-1641,-1141,-37,0,-160178,62918,2932,11337,4861,1887,1887,-229,3290,1.0,,0.0,100.0,-3.0,6.0,,,4.0,0,0,48,0,35,-89,-57,0,0,3,0,0,124,124,-995,4,-1,0,-138,-58,5384,0,0,12,-38,231,0,-38607,4741,3629,0,0,0,-1115430,0,0,0,0,-0.24,1025,1025,22,0,-169778,-44701,219,14842,-1598,-5955,-4462,5828,-2148,0,-224,22,0,16,280,53,0,0,0,0,0,-135,-13,-2,4,2,0,-17501,-9789,4164,0,0,11,19,56,7,59260,24288,-12602,0,0,3,28145,0,0,0,0,-0.020000000000000018,-125,-9,-47,0,47098,43325,13473,-9458,3557,1567,-1025,-1020,3333,-2.0,-4.0,0,-370,59,0,39,519,60,,0,0,-9,0,0,603,-77,-954,15,4,-9,-109815,-28562,28319,-29,6,4,41,31,224,7,154164,29620,-25135,0,-2,9,-1021674,-1,0,0,1,0.18000000000000038,-1192,-493,-3,0,-1525689,58328,-2334,6827,4427,13982,-3389,3641,7146
,-1.0,0.0,5.0,2.0,-1.0,-1.0,0,0,25,0,-18,35,41,0,0,0,0,0,0,296,3,3,2,-8,12723,-6039,7597,0,0,12,16,-10,0,17916,-4367,-8287,0,0,4,48368,0,0,0,0,0.75,-409,-215,-6,0,12444,46230,-9447,-1365,122,15592,960,-676,2675,1.0,400.0,274.0,-500.0,,,1.0,,,1.0,-1.0,0.0,1.0,1.0,0.0,0.0,0.0,1.0,-1.0,0.0,-1.0,3.0,1.0,0,0,-61,0,6,51,-73,0,0,-17,0,0,-3465,-577,13,-10,-1,-8,-34862,-5121,4183,0,6,-69,-31,0,0,-32705,-4356,-12260,0,-1,1,13067,0,0,0,0,-0.32000000000000006,-367,-153,44,0,-1347829,-67760,-10412,-6850,-4406,-194,-935,1228,-2751,,1.0,-2.0,0,-224,18,0,0,230,139,0,0,25,0,0,-1725,123,12,10,1,7,-79718,-8985,9539,-29,0,37,67,41,0,137416,10331,3917,0,-1,1,4176,-1,0,0,1,0.010000000000000009,-660,-1170,-39,0,-164604,59650,3299,13227,4218,1953,1953,-229,1923,1.0,-1.0,0.0,100.0,-4.0,6.0,,,4.0,0,0,42,0,35,-95,-62,0,0,3,0,0,1334,2,26,4,-2,0,-438,-358,5217,0,0,69,-45,-69,0,-49692,3494,1602,0,0,0,-1115430,0,0,0,0,-0.24,1025,1025,22,0,-193226,-57353,-2594,12090,-3545,-7222,-5729,5271,-4038,0,-263,16,0,16,273,96,0,0,0,0,0,399,-113,-3,4,1,0,-18496,-10446,4173,0,0,10,20,114,7,60986,24795,-12084,0,0,3,28145,0,0,0,0,-0.020000000000000018,37,-58,-52,0,46207,44179,13446,-8821,3004,1689,-903,-910,1679,-2.0,-4.0,0,-487,40,0,39,494,141,,0,0,11,0,0,-3457,-269,51,11,1,-9,-120791,-30949,30709,-29,6,59,27,32,76,7,133921,29897,-27112,0,-2,9,-1021674,-1,0,0,1,0.18000000000000038,-374,-571,-31,0,-1647008,24946,-5708,8281,-607,11818,-4654,4684,-512
,-1.0,0.0,5.0,2.0,-1.0,-1.0,0,0,5,0,-30,22,37,0,0,0,0,0,179,179,-370,-5,1,-8,12906,-6039,7597,0,0,10,22,-18,0,13110,-4367,-8700,0,0,4,48368,0,0,0,0,0.75,-270,-259,-7,0,6465,41429,-9447,-1779,60,15413,960,-676,2714,1.0,400.0,274.0,-500.0,,,1.0,,,1.0,-1.0,0.0,1.0,2.0,0.0,0.0,0.0,1.0,-1.0,0.0,-1.0,3.0,1.0,0,0,-72,0,6,7,-187,0,0,-17,0,0,-918,-918,2,-7,-2,-8,-38704,-5121,4183,0,6,-72,-40,-93,0,-34513,-4356,-12345,0,-1,1,13067,0,0,0,0,-0.32000000000000006,-371,-211,-1,0,-1426668,-74625,-10412,-6935,-4607,-1409,-935,1228,-2971,,1.0,-2.0,0,-264,71,0,0,240,139,0,0,5,0,0,193,193,12,10,1,7,-77748,-8985,9539,-29,0,37,78,269,0,149005,10331,3917,0,-1,1,4176,-1,0,0,1,0.010000000000000009,-1670,-1170,-39,0,-161301,73208,3299,13227,4434,1953,1953,-229,2521,1.0,-1.0,0.0,100.0,-4.0,5.0,,,4.0,0,0,45,0,35,-110,-66,0,0,4,0,0,-363,-179,-633,-4,-2,0,-438,-358,5063,0,0,70,-32,14,0,-38571,3494,1831,0,0,0,-1115430,0,0,0,0,-0.24,903,1095,23,0,-198477,-46637,-2594,12200,-3419,-7627,-5729,5306,-3695,0,-263,16,0,16,279,96,0,0,0,0,0,-113,-113,-3,5,1,0,-19019,-10446,4173,0,0,10,27,16,7,70825,24795,-12084,0,0,3,28145,0,0,0,0,-0.020000000000000018,-238,-58,-117,0,66453,53454,13450,-8821,3213,1648,-899,-910,2251,-2.0,-3.0,0,-527,65,0,27,438,19,,0,0,-8,0,0,-1022,-838,-992,-1,-1,-9,-123003,-30949,30555,-29,6,55,55,33,188,7,159856,29897,-27381,0,-2,9,-1021674,-1,0,0,1,0.18000000000000038,-1646,-603,-141,0,-1713528,46829,-5704,7892,-319,9978,-4650,4719,820
,-1.0,-1.0,5.0,2.0,-1.0,-2.0,0,0,5,0,-30,52,37,0,0,0,0,0,-1017,179,-370,-5,1,-8,12834,-6338,7586,0,0,10,20,-18,0,10849,-5913,-8106,0,0,4,48368,0,0,0,0,0.75,-429,-259,-7,0,-2374,38559,-11983,-933,-323,14877,269,-413,1946,1.0,400.0,0.0,-500.0,,,1.0,,,1.0,-1.0,0.0,1.0,2.0,0.0,0.0,0.0,0.0,-1.0,0.0,0.0,3.0,1.0,0,0,-72,0,6,47,-137,0,0,0,0,0,-19,-618,11,-7,-2,-8,-41312,-5851,4079,0,6,-72,-47,-53,0,-39703,-4973,-14835,0,-1,1,13067,0,0,0,0,-0.32000000000000006,-109,-211,-1,0,-1536944,-84007,-12892,-9151,-5178,-2992,-2067,1604,-3416,,1.0,-2.0,0,-264,71,0,0,273,139,0,0,22,0,0,-1292,193,75,10,1,7,-97383,-8401,9912,-29,0,37,65,41,0,156601,11735,4550,0,-1,1,4176,-1,0,0,1,0.010000000000000009,-1095,-1170,-39,0,-168159,59805,5768,15103,4140,589,2434,641,1480,1.0,-1.0,0.0,100.0,-4.0,4.0,,,4.0,0,0,45,0,35,-110,-66,0,0,17,0,0,-1295,-179,14,-6,-2,0,-438,-358,5476,0,0,70,-25,-21,0,-35604,3272,1414,0,0,0,-1115430,0,0,0,0,-0.24,1032,1095,23,0,-196726,-44024,-2900,12049,-3261,-7981,-5813,5158,-3752,0,-263,17,0,16,279,70,0,0,0,0,0,149,-109,-3,5,1,0,-19246,-10673,4173,0,0,10,28,53,7,73787,26622,-12439,0,0,3,28145,0,0,0,0,-0.020000000000000018,-175,-54,-120,0,87449,55955,14816,-9177,3024,1413,-1134,-910,1716,-2.0,-3.0,0,-527,66,0,27,541,43,,0,0,39,0,0,-3474,-534,-273,-3,-1,-9,-145545,-31621,31226,-29,6,55,41,34,2,7,165930,30743,-29416,0,-2,9,-1021674,-1,0,0,1,0.18000000000000038,-776,-599,-144,0,-1816754,26288,-7191,7891,-1598,5906,-6311,6080,-2026
,0.0,-2.0,5.0,2.0,-1.0,-2.0,0,0,5,0,-30,52,37,0,0,0,0,0,-2067,179,2,-5,1,-8,12643,-6338,7580,0,0,10,18,-18,0,7445,-6129,-8106,0,0,4,48368,0,0,0,0,0.75,-267,-259,-7,0,-3299,34752,-12283,-939,-483,14664,184,-413,1527,1.0,400.0,-274.0,-500.0,,1.0,1.0,,1.0,1.0,0.0,0.0,1.0,2.0,0.0,0.0,0.0,-1.0,-1.0,0.0,1.0,3.0,1.0,0,0,-112,0,6,7,-77,0,0,0,0,0,-458,-618,11,-7,-2,-8,-41863,-6241,4280,0,6,-72,-49,-33,0,-41195,-5185,-15203,0,-1,1,13067,0,0,0,0,-0.32000000000000006,778,-211,-1,0,-1574536,-86264,-13660,-8789,-5590,-3208,-2233,2133,-3720,,1.0,-2.0,0,-264,89,0,0,240,139,0,0,25,0,0,-2193,193,12,10,1,7,-105230,-8937,10677,-29,0,37,64,41,0,160785,12092,5077,0,-1,1,4176,-1,0,0,1,0.010000000000000009,-1020,-1170,-39,0,-167048,55539,5434,17807,3470,-16,2279,2053,1220,1.0,-1.0,0.0,100.0,-4.0,4.0,,,4.0,0,0,65,0,35,-131,-66,0,0,3,0,0,605,-29,14,-6,-2,0,-651,-571,5402,0,0,70,-28,-4,0,-42492,2849,1015,0,0,0,-1115430,0,0,0,0,-0.24,1095,1095,23,0,-209193,-52875,-4886,11485,-3724,-9731,-7163,5068,-4100,0,-263,17,0,16,310,97,0,0,0,0,0,594,-109,-3,5,1,0,-19867,-11294,5047,0,0,10,28,53,7,75730,28220,-13344,0,0,3,28145,0,0,0,0,-0.020000000000000018,530,-54,-120,0,89353,56972,15488,-9007,2843,1109,-1438,-710,1302,-2.0,-4.0,0,-527,64,0,27,478,130,-1.0,0,0,28,0,0,-3519,-384,36,-3,-1,-9,-154968,-33381,32986,-29,6,55,33,35,39,7,160273,31847,-30561,0,-2,9,-1021674,-1,0,0,1,0.18000000000000038,1116,-599,-144,0,-1864723,8124,-9907,10557,-3484,2818,-8371,8131,-3771
